{"Min: ": 56.0925, "Max: ": 259.02, "Avg: ": 157.20074523052455, "Median: ": 155.09, "Ticker: ": "AAPL"}
{"Min: ": 135.42, "Max: ": 467.56, "Avg: ": 299.47973767885503, "Median: ": 287.15, "Ticker: ": "MSFT"}
{"Min: ": 52.7065, "Max: ": 206.38, "Avg: ": 121.52562281399044, "Median: ": 122.0895, "Ticker: ": "GOOGL"}
{"Min: ": 81.82, "Max: ": 242.06, "Avg: ": 149.38335969793337, "Median: ": 155.18, "Ticker: ": "AMZN"}
{"Min: ": 24.0813, "Max: ": 479.86, "Avg: ": 220.61708561208252, "Median: ": 222.8466, "Ticker: ": "TSLA"}
